{"existing_tags": {"surface": {"count": 23623, "length": 557789.5917727905, "count_pct": 46.36506378802748, "length_pct": 43.549756499360804}, "width": {"count": 5165, "length": 101414.9302664601, "count_pct": 10.13738959764475, "length_pct": 7.918031429139763}, "speedlimit": {"count": 25092, "length": 674376.2433943031, "count_pct": 49.248282630029436, "length_pct": 52.65232916131336}, "lit": {"count": 39348, "length": 1004410.4746163357, "count_pct": 77.22865554465162, "length_pct": 78.41994945787118}}, "incompatible_tags_results": {"bicycle_infrastructure/bicycle": [15037, 21510]}, "incompatible_tags_count": 2, "network_density": {"edge_density_m_sqkm": 5819.4629049072455, "node_density_count_sqkm": 27.168755133885842, "dangling_node_density_count_sqkm": 10.000836406832166, "protected_density_m_sqkm": 5336.050045632197, "unprotected_density_m_sqkm": 431.36584678690883, "mixed_density_m_sqkm": 52.047012488140325}, "count_intersection_issues": 3.0, "count_overshoots": 10, "count_undershoots": 16, "dangling_node_count": 1814, "simplification_outcome": {"edge_percent_diff": 88.87340529931306, "node_percent_diff": 84.31322616584434}, "component_analysis": {"component_count": 349, "largest_cc_pct_size": 92.445519929892, "largest_cc_length": 750225.1037057128, "count_component_gaps": 83}}