{"network_density": {"edge_density_m_sqkm": 3453.8485889335225, "node_density_count_sqkm": 22.74170351608748, "dangling_node_density_count_sqkm": 4.796432014302086, "protected_density_m_sqkm": 2998.801936327368, "unprotected_density_m_sqkm": 455.04665260615366, "mixed_density_m_sqkm": 0}, "count_overshoots": 21, "count_undershoots": 11, "dangling_node_count": 870, "simplification_outcome": {"edge_percent_diff": 91.2187383351997, "node_percent_diff": 92.21698113207547}, "component_analysis": {"component_count": 204, "largest_cc_pct_size": 80.04459363798027, "largest_cc_length": 501459.9564606041, "count_component_gaps": 52}}