,OSM,GeoDanmark
Count of matched segments,41794.0,60809.0
Percent matched segments,50.82078844329872,95.46903210613078
Length of matched segments (km),414.6067974903437,598.5757446903247
Percent of matched network length,51.089387400047826,95.54651698106755
Local min of % matched segments,1.2345679012345678,1.5625
Local max of % matched segments,100.0,100.0
Local average of % matched segments,73.25068485224452,96.36487679375087
