{"osm_matched_count": 41794, "osm_matched_count_pct": 50.82078844329872, "ref_matched_count": 60809, "ref_matched_count_pct": 95.46903210613078, "osm_matched_length": 414606.7974903437, "osm_matched_length_pct": 51.089387400047826, "ref_matched_length": 598575.7446903246, "ref_matched_length_pct": 95.54651698106755, "protection_level_identical": 56411, "protection_level_differs": 4398, "osm_pct_matched_local_min": 1.2345679012345678, "osm_pct_matched_local_max": 100.0, "osm_pct_matched_local_mean": 73.25068485224452, "ref_pct_matched_local_min": 1.5625, "ref_pct_matched_local_max": 100.0, "ref_pct_matched_local_mean": 96.36487679375087}