{"osm_matched_count": 2585, "osm_matched_count_pct": 45.598871053095785, "ref_matched_count": 4313, "ref_matched_count_pct": 91.66843783209352, "osm_matched_length": 422154.17927105975, "osm_matched_length_pct": 52.01940377697433, "ref_matched_length": 601097.4836260094, "ref_matched_length_pct": 95.94904477170644, "protection_level_identical": 2181, "protection_level_differs": 402, "osm_pct_matched_local_min": 3.4482758620689653, "osm_pct_matched_local_max": 100.0, "osm_pct_matched_local_mean": 72.23056478398283, "ref_pct_matched_local_min": 7.4074074074074066, "ref_pct_matched_local_max": 100.0, "ref_pct_matched_local_mean": 96.48719705659668}